{
  "$schema": "./node_modules/nx/schemas/nx-schema.json",
  "namedInputs": {
    "default": ["{projectRoot}/**/*", "sharedGlobals"],
    "production": [
      "default",
      "!{projectRoot}/.eslintrc.json",
      "!{projectRoot}/eslint.config.js",
      "!{projectRoot}/**/?(*.)+(spec|test).[jt]s?(x)?(.snap)",
      "!{projectRoot}/tsconfig.spec.json",
      "!{projectRoot}/jest.config.[jt]s",
      "!{projectRoot}/src/test-setup.[jt]s",
      "!{projectRoot}/test-setup.[jt]s",
      "!{projectRoot}/cypress/**/*",
      "!{projectRoot}/**/*.cy.[jt]s?(x)",
      "!{projectRoot}/cypress.config.[jt]s"
    ],
    "sharedGlobals": []
  },
  "plugins": [
    {
      "plugin": "@nx/expo/plugin",
      "options": {
        "startTargetName": "start",
        "serveTargetName": "serve",
        "runIosTargetName": "run-ios",
        "runAndroidTargetName": "run-android",
        "exportTargetName": "export",
        "prebuildTargetName": "prebuild",
        "installTargetName": "install",
        "buildTargetName": "build",
        "submitTargetName": "submit"
      }
    },
    {
      "plugin": "@nx/eslint/plugin",
      "options": {
        "targetName": "lint"
      }
    },
    {
      "plugin": "@nx/jest/plugin",
      "options": {
        "targetName": "test"
      }
    },
    {
      "plugin": "@nx/detox/plugin",
      "options": {
        "buildTargetName": "build",
        "startTargetName": "start",
        "testTargetName": "test"
      }
    },
    {
      "plugin": "@nx/cypress/plugin",
      "options": {
        "targetName": "e2e",
        "componentTestingTargetName": "component-test",
        "ciTargetName": "e2e-ci",
        "openTargetName": "open-cypress"
      }
    }
  ],
  "nxCloudAccessToken": "Y2JkMmUyMGQtOTFhOS00NDdjLWE4OGQtOTUzMTMxY2JiMGZlfHJlYWQtd3JpdGU="
}
