{
  "version": "6.0",
  "nxVersion": "18.2.3",
  "deps": {
    "@codeherence/react-native-header": "^0.12.1",
    "@expo-google-fonts/ubuntu": "^0.2.3",
    "@expo/metro-config": "~0.17.3",
    "@expo/metro-runtime": "~3.1.1",
    "@react-native-async-storage/async-storage": "^1.23.1",
    "@react-native-community/datetimepicker": "^8.0.0",
    "@react-native-community/netinfo": "11.1.0",
    "@react-native-cookies/cookies": "^6.2.1",
    "@react-native-picker/picker": "^2.7.2",
    "@reduxjs/toolkit": "1.9.3",
    "expo": "~50.0.15",
    "expo-av": "^13.10.6",
    "expo-constants": "~15.4.5",
    "expo-dev-client": "~3.3.11",
    "expo-image": "~1.10.6",
    "expo-image-picker": "^14.7.1",
    "expo-linking": "~6.2.2",
    "expo-location": "~16.5.5",
    "expo-router": "~3.4.8",
    "expo-secure-store": "~12.8.1",
    "expo-splash-screen": "~0.26.1",
    "expo-status-bar": "~1.11.1",
    "formik": "^2.4.5",
    "iconsax-react-native": "^0.0.8",
    "lodash": "^4.17.21",
    "nativewind": "^2.0.11",
    "react": "18.2.0",
    "react-dom": "18.2.0",
    "react-native": "^0.73.6",
    "react-native-confirmation-code-field": "^7.4.0",
    "react-native-gesture-handler": "~2.14.0",
    "react-native-iconify": "^0.2.10",
    "react-native-modal": "^13.0.1",
    "react-native-reanimated": "~3.6.2",
    "react-native-safe-area-context": "4.8.2",
    "react-native-screens": "~3.29.0",
    "react-native-svg": "^14.1.0",
    "react-native-svg-transformer": "1.3.0",
    "react-native-ui-lib": "^7.19.0",
    "react-native-web": "~0.19.9",
    "react-redux": "8.0.5",
    "tslib": "^2.3.0",
    "yup": "^1.4.0",
    "@config-plugins/detox": "~7.0.0",
    "@expo/cli": "~0.16.5",
    "@nx/cypress": "18.2.3",
    "@nx/detox": "18.2.3",
    "@nx/eslint": "18.2.3",
    "@nx/eslint-plugin": "18.2.3",
    "@nx/expo": "18.2.3",
    "@nx/jest": "18.2.3",
    "@nx/js": "18.2.3",
    "@nx/workspace": "18.2.3",
    "@swc-node/register": "~1.8.0",
    "@swc/core": "~1.3.85",
    "@swc/helpers": "~0.5.2",
    "@testing-library/jest-dom": "~6.4.2",
    "@testing-library/jest-native": "~5.4.3",
    "@testing-library/react-native": "~12.4.2",
    "@types/jest": "^29.4.0",
    "@types/lodash": "^4.17.1",
    "@types/node": "18.16.9",
    "@types/react": "~18.2.45",
    "@typescript-eslint/eslint-plugin": "^7.3.0",
    "@typescript-eslint/parser": "^7.3.0",
    "babel-jest": "^29.4.1",
    "babel-preset-expo": "~10.0.0",
    "cypress": "^13.6.6",
    "detox": "~20.18.1",
    "eslint": "~8.57.0",
    "eslint-config-prettier": "^9.0.0",
    "eslint-plugin-cypress": "^2.13.4",
    "eslint-plugin-import": "2.27.5",
    "eslint-plugin-jsx-a11y": "6.7.1",
    "eslint-plugin-react": "7.32.2",
    "eslint-plugin-react-hooks": "4.6.0",
    "jest": "^29.4.1",
    "jest-circus": "^29.4.1",
    "jest-environment-jsdom": "^29.4.1",
    "jest-expo": "~50.0.1",
    "nx": "18.2.3",
    "prettier": "^2.6.2",
    "react-test-renderer": "18.2.0",
    "tailwindcss": "^3.3.2",
    "ts-jest": "^29.1.0",
    "ts-node": "10.9.1",
    "typescript": "~5.4.2"
  },
  "pathMappings": {
    "@omarvo/hooks": [
      "libs/hooks/src/index.ts"
    ],
    "@omarvo/store": [
      "libs/store/src/index.ts"
    ],
    "@omarvo/ui": [
      "libs/ui/src/index.ts"
    ],
    "@omarvo/utils": [
      "libs/utils/src/index.ts"
    ]
  },
  "nxJsonPlugins": [
    {
      "name": "@nx/expo/plugin",
      "options": {
        "startTargetName": "start",
        "serveTargetName": "serve",
        "runIosTargetName": "run-ios",
        "runAndroidTargetName": "run-android",
        "exportTargetName": "export",
        "prebuildTargetName": "prebuild",
        "installTargetName": "install",
        "buildTargetName": "build",
        "submitTargetName": "submit"
      }
    },
    {
      "name": "@nx/eslint/plugin",
      "options": {
        "targetName": "lint"
      }
    },
    {
      "name": "@nx/jest/plugin",
      "options": {
        "targetName": "test"
      }
    },
    {
      "name": "@nx/detox/plugin",
      "options": {
        "buildTargetName": "build",
        "startTargetName": "start",
        "testTargetName": "test"
      }
    },
    {
      "name": "@nx/cypress/plugin",
      "options": {
        "targetName": "e2e",
        "componentTestingTargetName": "component-test",
        "ciTargetName": "e2e-ci",
        "openTargetName": "open-cypress"
      }
    }
  ],
  "fileMap": {
    "projectFileMap": {
      "store": [
        {
          "file": "libs/store/.babelrc.js",
          "hash": "7628374720061666710"
        },
        {
          "file": "libs/store/.eslintrc.json",
          "hash": "124929702938039809"
        },
        {
          "file": "libs/store/README.md",
          "hash": "15983487490036612803"
        },
        {
          "file": "libs/store/jest.config.ts",
          "hash": "3466168049980682626",
          "deps": [
            [
              "npm:jest-expo",
              "dynamic"
            ]
          ]
        },
        {
          "file": "libs/store/project.json",
          "hash": "6377883464936586674"
        },
        {
          "file": "libs/store/src/index.ts",
          "hash": "1714591837763450306"
        },
        {
          "file": "libs/store/src/lib/slices/app/categories.ts",
          "hash": "14455314359980342470",
          "deps": [
            "utils",
            "npm:@reduxjs/toolkit",
            "npm:axios"
          ]
        },
        {
          "file": "libs/store/src/lib/slices/app/css.ts",
          "hash": "2088730653211456094",
          "deps": [
            "utils",
            "npm:@reduxjs/toolkit",
            "npm:axios"
          ]
        },
        {
          "file": "libs/store/src/lib/slices/app/index.tsx",
          "hash": "15702231624963517620"
        },
        {
          "file": "libs/store/src/lib/slices/app/location.ts",
          "hash": "6851346083224706399",
          "deps": [
            "npm:@reduxjs/toolkit",
            "npm:expo-location"
          ]
        },
        {
          "file": "libs/store/src/lib/slices/entrepreneur/forgot_password.ts",
          "hash": "15019021409133585124",
          "deps": [
            "npm:@reduxjs/toolkit",
            "npm:axios"
          ]
        },
        {
          "file": "libs/store/src/lib/slices/entrepreneur/index.ts",
          "hash": "8613612582290820028"
        },
        {
          "file": "libs/store/src/lib/slices/entrepreneur/products.ts",
          "hash": "17678609229225781260",
          "deps": [
            "utils",
            "npm:@reduxjs/toolkit",
            "npm:axios"
          ]
        },
        {
          "file": "libs/store/src/lib/slices/entrepreneur/profile.ts",
          "hash": "6026600567118278322",
          "deps": [
            "utils",
            "npm:@reduxjs/toolkit",
            "npm:axios"
          ]
        },
        {
          "file": "libs/store/src/lib/slices/entrepreneur/register.ts",
          "hash": "12512595656026904994",
          "deps": [
            "utils",
            "npm:@reduxjs/toolkit",
            "npm:axios"
          ]
        },
        {
          "file": "libs/store/src/lib/slices/entrepreneur/restaurant.ts",
          "hash": "14917593292668638479",
          "deps": [
            "utils",
            "npm:@reduxjs/toolkit",
            "npm:axios"
          ]
        },
        {
          "file": "libs/store/src/lib/slices/entrepreneur/signin.ts",
          "hash": "6749716645518597578",
          "deps": [
            "utils",
            "npm:@reduxjs/toolkit",
            "npm:axios"
          ]
        },
        {
          "file": "libs/store/src/lib/slices/entrepreneur/store.ts",
          "hash": "4231602671350364824",
          "deps": [
            "utils",
            "npm:@reduxjs/toolkit",
            "npm:axios"
          ]
        },
        {
          "file": "libs/store/src/lib/slices/entrepreneur/victuals.ts",
          "hash": "10292400442977124671",
          "deps": [
            "utils",
            "npm:@reduxjs/toolkit",
            "npm:axios"
          ]
        },
        {
          "file": "libs/store/src/lib/slices/user/forgot_password.ts",
          "hash": "12299542271565242410",
          "deps": [
            "npm:@reduxjs/toolkit",
            "npm:axios"
          ]
        },
        {
          "file": "libs/store/src/lib/slices/user/index.ts",
          "hash": "8613612582290820028"
        },
        {
          "file": "libs/store/src/lib/slices/user/products.ts",
          "hash": "12504751438447889683",
          "deps": [
            "utils",
            "npm:@reduxjs/toolkit",
            "npm:axios"
          ]
        },
        {
          "file": "libs/store/src/lib/slices/user/profile.ts",
          "hash": "5229434922873447464",
          "deps": [
            "utils",
            "npm:@reduxjs/toolkit",
            "npm:axios"
          ]
        },
        {
          "file": "libs/store/src/lib/slices/user/register.ts",
          "hash": "14526891087160076677",
          "deps": [
            "utils",
            "npm:@reduxjs/toolkit",
            "npm:axios"
          ]
        },
        {
          "file": "libs/store/src/lib/slices/user/restaurant.ts",
          "hash": "131404922746256150",
          "deps": [
            "utils",
            "npm:@reduxjs/toolkit",
            "npm:axios"
          ]
        },
        {
          "file": "libs/store/src/lib/slices/user/signin.ts",
          "hash": "11786861544248520505",
          "deps": [
            "utils",
            "npm:@reduxjs/toolkit",
            "npm:axios"
          ]
        },
        {
          "file": "libs/store/src/lib/slices/user/store.ts",
          "hash": "3783400513200537729",
          "deps": [
            "utils",
            "npm:@reduxjs/toolkit",
            "npm:axios"
          ]
        },
        {
          "file": "libs/store/src/lib/slices/user/victuals.ts",
          "hash": "16106422534815909439",
          "deps": [
            "utils",
            "npm:@reduxjs/toolkit",
            "npm:axios"
          ]
        },
        {
          "file": "libs/store/src/lib/store.ts",
          "hash": "13259443229357150708",
          "deps": [
            "npm:@reduxjs/toolkit"
          ]
        },
        {
          "file": "libs/store/test-setup.ts",
          "hash": "10319682889150307590",
          "deps": [
            "npm:@testing-library/jest-native"
          ]
        },
        {
          "file": "libs/store/tsconfig.json",
          "hash": "7293281166328702047"
        },
        {
          "file": "libs/store/tsconfig.lib.json",
          "hash": "6690230638373631502"
        },
        {
          "file": "libs/store/tsconfig.spec.json",
          "hash": "14275568886759166330"
        }
      ],
      "hooks": [
        {
          "file": "libs/hooks/.babelrc.js",
          "hash": "7628374720061666710"
        },
        {
          "file": "libs/hooks/.eslintrc.json",
          "hash": "124929702938039809"
        },
        {
          "file": "libs/hooks/README.md",
          "hash": "6524090981911497700"
        },
        {
          "file": "libs/hooks/jest.config.ts",
          "hash": "13833658939525984579",
          "deps": [
            [
              "npm:jest-expo",
              "dynamic"
            ]
          ]
        },
        {
          "file": "libs/hooks/project.json",
          "hash": "15571390676342514804"
        },
        {
          "file": "libs/hooks/src/index.ts",
          "hash": "5358803769174296048"
        },
        {
          "file": "libs/hooks/src/useDispatch.ts",
          "hash": "2572605711835776844",
          "deps": [
            "npm:@omarvo/store",
            "npm:react-redux"
          ]
        },
        {
          "file": "libs/hooks/src/useHideBalance.ts",
          "hash": "11493511619232890284",
          "deps": [
            "npm:react",
            "npm:@react-native-async-storage/async-storage"
          ]
        },
        {
          "file": "libs/hooks/test-setup.ts",
          "hash": "10319682889150307590",
          "deps": [
            "npm:@testing-library/jest-native"
          ]
        },
        {
          "file": "libs/hooks/tsconfig.json",
          "hash": "7293281166328702047"
        },
        {
          "file": "libs/hooks/tsconfig.lib.json",
          "hash": "6690230638373631502"
        },
        {
          "file": "libs/hooks/tsconfig.spec.json",
          "hash": "14275568886759166330"
        }
      ],
      "utils": [
        {
          "file": "libs/utils/.babelrc.js",
          "hash": "7628374720061666710"
        },
        {
          "file": "libs/utils/.eslintrc.json",
          "hash": "124929702938039809"
        },
        {
          "file": "libs/utils/README.md",
          "hash": "12540549419807370810"
        },
        {
          "file": "libs/utils/jest.config.ts",
          "hash": "4535566079724932",
          "deps": [
            [
              "npm:jest-expo",
              "dynamic"
            ]
          ]
        },
        {
          "file": "libs/utils/project.json",
          "hash": "649880022188165124"
        },
        {
          "file": "libs/utils/src/index.ts",
          "hash": "7621787277783237318"
        },
        {
          "file": "libs/utils/src/lib/alert.tsx",
          "hash": "10331488932983834214",
          "deps": [
            "npm:react-native"
          ]
        },
        {
          "file": "libs/utils/src/lib/helpers.ts",
          "hash": "8082679934874410544",
          "deps": [
            "npm:expo-secure-store",
            "npm:expo-image-picker"
          ]
        },
        {
          "file": "libs/utils/src/lib/interface.ts",
          "hash": "7047513254768013773"
        },
        {
          "file": "libs/utils/src/lib/styles.ts",
          "hash": "11626949112493294042",
          "deps": [
            "npm:react-native"
          ]
        },
        {
          "file": "libs/utils/test-setup.ts",
          "hash": "10319682889150307590",
          "deps": [
            "npm:@testing-library/jest-native"
          ]
        },
        {
          "file": "libs/utils/tsconfig.json",
          "hash": "7293281166328702047"
        },
        {
          "file": "libs/utils/tsconfig.lib.json",
          "hash": "6690230638373631502"
        },
        {
          "file": "libs/utils/tsconfig.spec.json",
          "hash": "13831874921957726571"
        }
      ],
      "ui": [
        {
          "file": "libs/ui/.babelrc.js",
          "hash": "7628374720061666710"
        },
        {
          "file": "libs/ui/.eslintrc.json",
          "hash": "124929702938039809"
        },
        {
          "file": "libs/ui/README.md",
          "hash": "17218875224779447725"
        },
        {
          "file": "libs/ui/jest.config.ts",
          "hash": "6705636399421316345",
          "deps": [
            [
              "npm:jest-expo",
              "dynamic"
            ]
          ]
        },
        {
          "file": "libs/ui/project.json",
          "hash": "13171798609609806937"
        },
        {
          "file": "libs/ui/src/index.ts",
          "hash": "17420622338667212243",
          "deps": [
            "utils"
          ]
        },
        {
          "file": "libs/ui/src/lib/auth_header.tsx",
          "hash": "8299888447786854211",
          "deps": [
            "npm:react-native",
            "npm:react",
            "utils",
            "npm:react-native-svg"
          ]
        },
        {
          "file": "libs/ui/src/lib/balance_view.tsx",
          "hash": "13825012450968912432",
          "deps": [
            "npm:react-native",
            "npm:react",
            "utils",
            "hooks",
            "npm:react-native-iconify"
          ]
        },
        {
          "file": "libs/ui/src/lib/button.tsx",
          "hash": "2552736709841601557",
          "deps": [
            "npm:react-native",
            "npm:react",
            "utils"
          ]
        },
        {
          "file": "libs/ui/src/lib/cards/en_restaurant_card.tsx",
          "hash": "3210851401984397074",
          "deps": [
            "utils",
            "npm:react-native",
            "npm:expo-image",
            "npm:react-native-iconify"
          ]
        },
        {
          "file": "libs/ui/src/lib/cards/index.ts",
          "hash": "12380733897696524623"
        },
        {
          "file": "libs/ui/src/lib/cards/section_card.tsx",
          "hash": "4097453107836418707",
          "deps": [
            "npm:react-native",
            "npm:react",
            "utils"
          ]
        },
        {
          "file": "libs/ui/src/lib/cards/stat_card.tsx",
          "hash": "6811679412439761422",
          "deps": [
            "utils",
            "npm:react-native"
          ]
        },
        {
          "file": "libs/ui/src/lib/cards/wallet_card.tsx",
          "hash": "13676801993203802925",
          "deps": [
            "npm:react-native",
            "npm:react-native-iconify",
            "utils",
            "npm:expo-image",
            "hooks"
          ]
        },
        {
          "file": "libs/ui/src/lib/codefield.tsx",
          "hash": "6445654583262773088",
          "deps": [
            "npm:react-native",
            "npm:react",
            "npm:react-native-confirmation-code-field",
            "utils"
          ]
        },
        {
          "file": "libs/ui/src/lib/empty.tsx",
          "hash": "8680712839047641161",
          "deps": [
            "npm:react-native",
            "npm:react",
            "utils"
          ]
        },
        {
          "file": "libs/ui/src/lib/formik/checkbox.tsx",
          "hash": "16477961405657680383",
          "deps": [
            "utils",
            "npm:react",
            "npm:react-native",
            "npm:react-native-ui-lib"
          ]
        },
        {
          "file": "libs/ui/src/lib/formik/date.tsx",
          "hash": "17593283206322341743",
          "deps": [
            "npm:react",
            "npm:react-native",
            "npm:react-native-ui-lib",
            "npm:react-native-iconify",
            "npm:moment",
            "utils"
          ]
        },
        {
          "file": "libs/ui/src/lib/formik/index.ts",
          "hash": "17384075429678727174"
        },
        {
          "file": "libs/ui/src/lib/formik/input.tsx",
          "hash": "12294903496355865289",
          "deps": [
            "npm:react",
            "npm:react-native",
            "utils"
          ]
        },
        {
          "file": "libs/ui/src/lib/formik/media_picker.tsx",
          "hash": "3579129316675008680",
          "deps": [
            "npm:react",
            "npm:react-native",
            "npm:expo-image",
            "npm:expo-image-picker",
            "npm:expo-av",
            "npm:@expo/vector-icons",
            "utils"
          ]
        },
        {
          "file": "libs/ui/src/lib/formik/picker.tsx",
          "hash": "951177934379350928",
          "deps": [
            "npm:react",
            "npm:react-native",
            "npm:react-native-ui-lib",
            "utils"
          ]
        },
        {
          "file": "libs/ui/src/lib/formik/radio_group.tsx",
          "hash": "1263802252496778058",
          "deps": [
            "utils",
            "npm:react",
            "npm:react-native",
            "npm:react-native-ui-lib"
          ]
        },
        {
          "file": "libs/ui/src/lib/formik/tags_input.tsx",
          "hash": "11476181584731297095",
          "deps": [
            "npm:react",
            "npm:react-native",
            "utils",
            "npm:react-native-iconify"
          ]
        },
        {
          "file": "libs/ui/src/lib/formik/text_area.tsx",
          "hash": "15105708339375812816",
          "deps": [
            "npm:react",
            "npm:react-native",
            "utils"
          ]
        },
        {
          "file": "libs/ui/src/lib/loader.tsx",
          "hash": "6301255669928570628",
          "deps": [
            "npm:react-native",
            "npm:react"
          ]
        },
        {
          "file": "libs/ui/src/lib/modal/fullscreen.tsx",
          "hash": "6033457441749691562",
          "deps": [
            "npm:react-native",
            "npm:react",
            "npm:react-native-safe-area-context"
          ]
        },
        {
          "file": "libs/ui/src/lib/modal/index.ts",
          "hash": "5944802380577790314"
        },
        {
          "file": "libs/ui/src/lib/modal/infosensitive.tsx",
          "hash": "5821320704952537142",
          "deps": [
            "npm:react-native",
            "npm:react",
            "npm:react-native-modal",
            "utils",
            "npm:react-native-safe-area-context",
            "npm:react-native-iconify"
          ]
        },
        {
          "file": "libs/ui/src/lib/onboarding_item.tsx",
          "hash": "5920621133979450841",
          "deps": [
            "npm:react-native",
            "npm:react"
          ]
        },
        {
          "file": "libs/ui/src/lib/overlay_loader.tsx",
          "hash": "5345735344092773884",
          "deps": [
            "npm:react-native",
            "npm:react",
            "npm:react-native-safe-area-context"
          ]
        },
        {
          "file": "libs/ui/src/lib/paginator.tsx",
          "hash": "16446997042765559901",
          "deps": [
            "npm:react-native",
            "npm:react"
          ]
        },
        {
          "file": "libs/ui/src/lib/search.tsx",
          "hash": "1654356489671210350",
          "deps": [
            "utils",
            "npm:react-native",
            "npm:react-native-iconify",
            "npm:react-native-ui-lib",
            "npm:iconsax-react-native"
          ]
        },
        {
          "file": "libs/ui/src/lib/settings_list_item.tsx",
          "hash": "16443323852528692232",
          "deps": [
            "npm:react-native",
            "npm:react",
            "npm:react-native-iconify",
            "npm:react-native-ui-lib",
            "npm:lodash",
            "utils"
          ]
        },
        {
          "file": "libs/ui/src/lib/success.tsx",
          "hash": "16105937751541831997",
          "deps": [
            "utils",
            "npm:react",
            "npm:react-native",
            "npm:react-native-safe-area-context",
            "npm:react-native-svg"
          ]
        },
        {
          "file": "libs/ui/src/lib/svg.tsx",
          "hash": "15305559764268878735",
          "deps": [
            "npm:react-native-svg"
          ]
        },
        {
          "file": "libs/ui/src/lib/verification.tsx",
          "hash": "2590566833869584854",
          "deps": [
            "npm:react-native",
            "npm:react",
            "npm:react-native-safe-area-context",
            "npm:react-native-svg",
            "utils"
          ]
        },
        {
          "file": "libs/ui/test-setup.ts",
          "hash": "10319682889150307590",
          "deps": [
            "npm:@testing-library/jest-native"
          ]
        },
        {
          "file": "libs/ui/tsconfig.json",
          "hash": "7293281166328702047"
        },
        {
          "file": "libs/ui/tsconfig.lib.json",
          "hash": "6690230638373631502"
        },
        {
          "file": "libs/ui/tsconfig.spec.json",
          "hash": "14275568886759166330"
        }
      ],
      "omarvo": [
        {
          "file": "apps/omarvo/.eslintrc.json",
          "hash": "124929702938039809"
        },
        {
          "file": "apps/omarvo/app.json",
          "hash": "6865286713782377521"
        },
        {
          "file": "apps/omarvo/app/(main)/(tabs)/_layout.tsx",
          "hash": "13690806516428198012",
          "deps": [
            "npm:react",
            "npm:expo-router",
            "ui",
            "utils",
            "npm:react-native",
            "npm:react-native-safe-area-context",
            "npm:react-native-iconify",
            "hooks",
            "npm:@omarvo/store"
          ]
        },
        {
          "file": "apps/omarvo/app/(main)/(tabs)/account.tsx",
          "hash": "7284947724125737201",
          "deps": [
            "npm:react-native",
            "npm:react",
            "utils",
            "npm:expo-router",
            "ui"
          ]
        },
        {
          "file": "apps/omarvo/app/(main)/(tabs)/feed.tsx",
          "hash": "14043678509219974102",
          "deps": [
            "npm:react-native",
            "npm:react"
          ]
        },
        {
          "file": "apps/omarvo/app/(main)/(tabs)/index.tsx",
          "hash": "16554959825836883471",
          "deps": [
            "npm:expo-router",
            "npm:react-native",
            "ui",
            "utils",
            "npm:react-native-safe-area-context",
            "hooks",
            "npm:iconsax-react-native",
            "npm:react-native-iconify"
          ]
        },
        {
          "file": "apps/omarvo/app/(main)/(tabs)/message.tsx",
          "hash": "7995494603626797680",
          "deps": [
            "npm:react-native"
          ]
        },
        {
          "file": "apps/omarvo/app/(main)/(tabs)/wallet.tsx",
          "hash": "14440174870722990767",
          "deps": [
            "npm:react-native",
            "npm:react"
          ]
        },
        {
          "file": "apps/omarvo/app/(main)/_layout.tsx",
          "hash": "17209646074205561213",
          "deps": [
            "npm:react",
            "npm:expo-router",
            "hooks",
            "npm:@omarvo/store",
            "ui",
            "utils"
          ]
        },
        {
          "file": "apps/omarvo/app/(main)/restaurants/[id]/index.tsx",
          "hash": "11184758291852500086",
          "deps": [
            "npm:react",
            "npm:react-native",
            "npm:react-native-safe-area-context",
            "npm:@codeherence/react-native-header",
            "hooks",
            "npm:expo-router",
            "npm:@omarvo/store",
            "ui",
            "utils",
            "npm:react-native-reanimated",
            "npm:lodash"
          ]
        },
        {
          "file": "apps/omarvo/app/(main)/restaurants/[id]/victuals/[victualId].tsx",
          "hash": "4168280799133716988",
          "deps": [
            "npm:react-native",
            "npm:react",
            "hooks",
            "npm:expo-router",
            "npm:@omarvo/store",
            "ui",
            "npm:expo-image",
            "utils",
            "npm:lodash",
            "npm:react-native-safe-area-context",
            "npm:react-native-iconify",
            "npm:react-native-modal"
          ]
        },
        {
          "file": "apps/omarvo/app/(main)/restaurants/index.tsx",
          "hash": "12537135352049430530",
          "deps": [
            "npm:react-native",
            "npm:react",
            "hooks",
            "npm:iconsax-react-native",
            "ui",
            "utils",
            "npm:@omarvo/store",
            "npm:@codeherence/react-native-header",
            "npm:expo-image",
            "npm:react-native-iconify",
            "npm:react-native-safe-area-context",
            "npm:expo-router"
          ]
        },
        {
          "file": "apps/omarvo/app/(main)/stores/[id]/index.tsx",
          "hash": "11558263941713218216",
          "deps": [
            "npm:react",
            "npm:react-native",
            "npm:react-native-safe-area-context",
            "npm:@codeherence/react-native-header",
            "hooks",
            "npm:expo-router",
            "npm:@omarvo/store",
            "ui",
            "utils",
            "npm:react-native-reanimated",
            "npm:lodash"
          ]
        },
        {
          "file": "apps/omarvo/app/(main)/stores/[id]/products/[productId].tsx",
          "hash": "2296374204388703066",
          "deps": [
            "npm:react-native",
            "npm:react",
            "hooks",
            "npm:expo-router",
            "npm:@omarvo/store",
            "ui",
            "npm:expo-image",
            "utils",
            "npm:lodash",
            "npm:react-native-safe-area-context",
            "npm:react-native-iconify",
            "npm:react-native-modal"
          ]
        },
        {
          "file": "apps/omarvo/app/(main)/stores/index.tsx",
          "hash": "3811786160283939178",
          "deps": [
            "npm:react-native",
            "npm:react",
            "hooks",
            "npm:iconsax-react-native",
            "ui",
            "utils",
            "npm:@omarvo/store",
            "npm:@codeherence/react-native-header",
            "npm:react-native-safe-area-context",
            "npm:expo-router"
          ]
        },
        {
          "file": "apps/omarvo/app/+html.tsx",
          "hash": "11298474876147019056",
          "deps": [
            "npm:expo-router"
          ]
        },
        {
          "file": "apps/omarvo/app/+not-found.tsx",
          "hash": "562672685574858315",
          "deps": [
            "npm:expo-router",
            "npm:react-native"
          ]
        },
        {
          "file": "apps/omarvo/app/_layout.tsx",
          "hash": "15578564550086632661",
          "deps": [
            "npm:@expo/vector-icons",
            "npm:expo-router",
            "npm:expo-splash-screen",
            "npm:react",
            "npm:axios",
            "npm:@expo-google-fonts/ubuntu",
            "npm:react-native-safe-area-context",
            "npm:react-native",
            "utils",
            "npm:@react-native-community/netinfo",
            "npm:react-redux",
            "npm:@omarvo/store"
          ]
        },
        {
          "file": "apps/omarvo/app/auth/_layout.tsx",
          "hash": "9438150288849724610",
          "deps": [
            "npm:react",
            "npm:expo-router",
            "npm:react-native",
            "utils",
            "ui"
          ]
        },
        {
          "file": "apps/omarvo/app/auth/forgot_password/get_otp.tsx",
          "hash": "5761291569372669033",
          "deps": [
            "npm:react-native",
            "npm:react-native-safe-area-context",
            "npm:formik",
            "npm:yup",
            "npm:expo-router",
            "hooks",
            "utils",
            "npm:@omarvo/store",
            "ui"
          ]
        },
        {
          "file": "apps/omarvo/app/auth/forgot_password/password_otp.tsx",
          "hash": "9231238519607594991",
          "deps": [
            "npm:react-native-safe-area-context",
            "npm:react",
            "npm:expo-router",
            "hooks",
            "npm:@omarvo/store",
            "utils",
            "ui"
          ]
        },
        {
          "file": "apps/omarvo/app/auth/forgot_password/reset_password.tsx",
          "hash": "14605380715874829705",
          "deps": [
            "npm:react-native",
            "npm:react-native-safe-area-context",
            "npm:yup",
            "npm:formik",
            "npm:expo-router",
            "hooks",
            "utils",
            "npm:@omarvo/store",
            "ui"
          ]
        },
        {
          "file": "apps/omarvo/app/auth/forgot_password/rp_success.tsx",
          "hash": "13765977820166996949",
          "deps": [
            "npm:react",
            "npm:expo-router",
            "ui"
          ]
        },
        {
          "file": "apps/omarvo/app/auth/login.tsx",
          "hash": "810157461102450566",
          "deps": [
            "npm:react-native",
            "npm:react",
            "npm:formik",
            "npm:yup",
            "npm:expo-router",
            "npm:react-native-safe-area-context",
            "utils",
            "npm:@omarvo/store",
            "hooks",
            "ui"
          ]
        },
        {
          "file": "apps/omarvo/app/auth/register/choose_country.tsx",
          "hash": "17491893974198249890",
          "deps": [
            "npm:react-native",
            "npm:react",
            "npm:react-native-safe-area-context",
            "npm:expo-router",
            "utils",
            "ui"
          ]
        },
        {
          "file": "apps/omarvo/app/auth/register/choose_school.tsx",
          "hash": "844106348593331768",
          "deps": [
            "npm:react-native",
            "npm:react",
            "npm:formik",
            "npm:yup",
            "npm:expo-router",
            "npm:react-native-safe-area-context",
            "hooks",
            "npm:@omarvo/store",
            "ui",
            "utils"
          ]
        },
        {
          "file": "apps/omarvo/app/auth/register/choose_state.tsx",
          "hash": "13730200048372126416",
          "deps": [
            "npm:react-native",
            "npm:react",
            "npm:formik",
            "npm:yup",
            "npm:expo-router",
            "npm:react-native-safe-area-context",
            "hooks",
            "npm:@omarvo/store",
            "ui",
            "utils"
          ]
        },
        {
          "file": "apps/omarvo/app/auth/register/index.tsx",
          "hash": "6381168378793018111",
          "deps": [
            "npm:react-native",
            "npm:react",
            "npm:formik",
            "npm:yup",
            "npm:react-native-safe-area-context",
            "hooks",
            "ui",
            "utils",
            "npm:@omarvo/store",
            "npm:expo-router"
          ]
        },
        {
          "file": "apps/omarvo/app/auth/register/submit_location.tsx",
          "hash": "2087874504959441924",
          "deps": [
            "npm:react-native",
            "npm:react",
            "npm:formik",
            "npm:yup",
            "npm:expo-router",
            "npm:react-native-safe-area-context",
            "utils",
            "ui"
          ]
        },
        {
          "file": "apps/omarvo/app/auth/register/success.tsx",
          "hash": "5911077063628427805",
          "deps": [
            "npm:react",
            "ui",
            "npm:expo-router"
          ]
        },
        {
          "file": "apps/omarvo/app/auth/register/verify.tsx",
          "hash": "5511308296930926710",
          "deps": [
            "npm:react",
            "npm:expo-router",
            "hooks",
            "ui",
            "npm:@omarvo/store",
            "utils"
          ]
        },
        {
          "file": "apps/omarvo/app/index.tsx",
          "hash": "2886884860883644092",
          "deps": [
            "utils",
            "npm:expo-router",
            "npm:react",
            "npm:react-native",
            "npm:react-native-safe-area-context",
            "ui"
          ]
        },
        {
          "file": "apps/omarvo/app/modal.tsx",
          "hash": "872970042914973381",
          "deps": [
            "npm:expo-status-bar",
            "npm:react-native"
          ]
        },
        {
          "file": "apps/omarvo/assets/fonts/SpaceMono-Regular.ttf",
          "hash": "8316399838606165836"
        },
        {
          "file": "apps/omarvo/assets/images/adaptive-icon.png",
          "hash": "2576715523061342935"
        },
        {
          "file": "apps/omarvo/assets/images/favicon.png",
          "hash": "10556792184362654649"
        },
        {
          "file": "apps/omarvo/assets/images/icon.png",
          "hash": "12646626865262381793"
        },
        {
          "file": "apps/omarvo/assets/images/splash.png",
          "hash": "15726783712504321447"
        },
        {
          "file": "apps/omarvo/assets/svgs/closed.svg",
          "hash": "15213525302056424303"
        },
        {
          "file": "apps/omarvo/assets/svgs/globalization.svg",
          "hash": "15172027404388679259"
        },
        {
          "file": "apps/omarvo/assets/svgs/login.svg",
          "hash": "18441708698470737932"
        },
        {
          "file": "apps/omarvo/assets/svgs/onboarding_1.svg",
          "hash": "14888920527485620900"
        },
        {
          "file": "apps/omarvo/assets/svgs/onboarding_2.svg",
          "hash": "13236935689458480565"
        },
        {
          "file": "apps/omarvo/assets/svgs/onboarding_3.svg",
          "hash": "12226891066725928818"
        },
        {
          "file": "apps/omarvo/assets/svgs/onboarding_4.svg",
          "hash": "14741953205609370019"
        },
        {
          "file": "apps/omarvo/assets/svgs/onboarding_5.svg",
          "hash": "8922608264811820987"
        },
        {
          "file": "apps/omarvo/assets/svgs/register.svg",
          "hash": "16216913160571854349"
        },
        {
          "file": "apps/omarvo/assets/svgs/rp_success.svg",
          "hash": "7174179249570461945"
        },
        {
          "file": "apps/omarvo/assets/svgs/sl_success.svg",
          "hash": "2104049828349087636"
        },
        {
          "file": "apps/omarvo/assets/svgs/submit_location.svg",
          "hash": "14697064547751044388"
        },
        {
          "file": "apps/omarvo/assets/svgs/success.svg",
          "hash": "17373793582848186589"
        },
        {
          "file": "apps/omarvo/assets/svgs/verification.svg",
          "hash": "14706303673945944601"
        },
        {
          "file": "apps/omarvo/babel.config.js",
          "hash": "15769144567896163522"
        },
        {
          "file": "apps/omarvo/components/index.tsx",
          "hash": "201072890115466134"
        },
        {
          "file": "apps/omarvo/components/ui/HeaderComp.tsx",
          "hash": "1306106334779744740",
          "deps": [
            "npm:@codeherence/react-native-header",
            "npm:expo-router",
            "npm:lodash",
            "npm:react-native",
            "npm:react-native-iconify",
            "npm:react-native-reanimated"
          ]
        },
        {
          "file": "apps/omarvo/components/ui/LargeHeaderComp.tsx",
          "hash": "1469234200025446086",
          "deps": [
            "npm:react-native",
            "npm:react",
            "npm:@codeherence/react-native-header",
            "npm:expo-image",
            "npm:react-native-iconify",
            "utils",
            "npm:react-native-reanimated",
            "ui",
            "npm:iconsax-react-native",
            "npm:lodash",
            "npm:moment"
          ]
        },
        {
          "file": "apps/omarvo/components/ui/LocationDropdown.tsx",
          "hash": "2767823584355619694",
          "deps": [
            "npm:react-native",
            "npm:react",
            "npm:iconsax-react-native",
            "utils",
            "npm:react-native-iconify"
          ]
        },
        {
          "file": "apps/omarvo/components/ui/Selection.tsx",
          "hash": "3042124777135395508",
          "deps": [
            "npm:react-native",
            "npm:react",
            "utils",
            "npm:react-native-iconify"
          ]
        },
        {
          "file": "apps/omarvo/components/ui/TabView.tsx",
          "hash": "15196025172148301953",
          "deps": [
            "utils",
            "npm:expo-image",
            "npm:react",
            "npm:react-native"
          ]
        },
        {
          "file": "apps/omarvo/components/ui/common.tsx",
          "hash": "8828407050303150333",
          "deps": [
            "npm:react-native",
            "npm:react",
            "npm:iconsax-react-native",
            "utils",
            "npm:react-native-iconify"
          ]
        },
        {
          "file": "apps/omarvo/components/ui/index.tsx",
          "hash": "16868969394423721259"
        },
        {
          "file": "apps/omarvo/components/ui/product_card.tsx",
          "hash": "7321116441393338160",
          "deps": [
            "npm:react-native",
            "npm:react",
            "utils",
            "npm:expo-image",
            "npm:react-native-iconify"
          ]
        },
        {
          "file": "apps/omarvo/components/ui/res_store_card.tsx",
          "hash": "750507659379199999",
          "deps": [
            "npm:react-native",
            "npm:react",
            "utils",
            "npm:expo-image",
            "npm:react-native-iconify"
          ]
        },
        {
          "file": "apps/omarvo/constants/data.tsx",
          "hash": "1547222125785525657",
          "deps": [
            "npm:react-native-iconify",
            "npm:expo-router"
          ]
        },
        {
          "file": "apps/omarvo/eas.json",
          "hash": "4611479969760396249"
        },
        {
          "file": "apps/omarvo/index.js",
          "hash": "14055270229318855503",
          "deps": [
            "npm:expo",
            "npm:expo-router"
          ]
        },
        {
          "file": "apps/omarvo/jest.config.ts",
          "hash": "17383661323394520367",
          "deps": [
            [
              "npm:jest-expo",
              "dynamic"
            ]
          ]
        },
        {
          "file": "apps/omarvo/metro.config.js",
          "hash": "4321173497984278554",
          "deps": [
            "npm:@nx/expo",
            "npm:@expo/metro-config",
            "npm:metro-config",
            "npm:react-native-svg-transformer"
          ]
        },
        {
          "file": "apps/omarvo/package.json",
          "hash": "16187734998533309335",
          "deps": [
            "npm:@testing-library/jest-native",
            "npm:@testing-library/react-native",
            "npm:metro-config",
            "npm:react-native",
            "npm:expo",
            "npm:react-native-svg",
            "npm:react-native-web",
            "npm:react-native-ui-lib",
            "npm:react-native-reanimated",
            "npm:react-native-gesture-handler",
            "npm:expo-dev-client"
          ]
        },
        {
          "file": "apps/omarvo/project.json",
          "hash": "18177226077442264300"
        },
        {
          "file": "apps/omarvo/tailwind.config.js",
          "hash": "916048250433252465",
          "deps": [
            "npm:path",
            "npm:@nx/react"
          ]
        },
        {
          "file": "apps/omarvo/test-setup.ts",
          "hash": "10319682889150307590",
          "deps": [
            "npm:@testing-library/jest-native"
          ]
        },
        {
          "file": "apps/omarvo/tsconfig.app.json",
          "hash": "3739010863662792213"
        },
        {
          "file": "apps/omarvo/tsconfig.json",
          "hash": "9087056351888767752"
        },
        {
          "file": "apps/omarvo/tsconfig.spec.json",
          "hash": "14275568886759166330"
        },
        {
          "file": "apps/omarvo/webpack.config.js",
          "hash": "12673381774464772897",
          "deps": [
            "npm:@expo/webpack-config",
            "npm:tsconfig-paths-webpack-plugin",
            "npm:path",
            [
              "npm:@nx/webpack",
              "dynamic"
            ],
            [
              "npm:crypto-browserify",
              "dynamic"
            ],
            [
              "npm:stream-browserify",
              "dynamic"
            ]
          ]
        }
      ],
      "business": [
        {
          "file": "apps/business/.eslintrc.json",
          "hash": "124929702938039809"
        },
        {
          "file": "apps/business/app.json",
          "hash": "79299265027614579"
        },
        {
          "file": "apps/business/app/(main)/(tabs)/_layout.tsx",
          "hash": "13272033226103969211",
          "deps": [
            "npm:react",
            "npm:expo-router",
            "ui",
            "utils",
            "npm:react-native",
            "npm:react-native-safe-area-context",
            "npm:react-native-iconify"
          ]
        },
        {
          "file": "apps/business/app/(main)/(tabs)/feed.tsx",
          "hash": "14043678509219974102",
          "deps": [
            "npm:react-native",
            "npm:react"
          ]
        },
        {
          "file": "apps/business/app/(main)/(tabs)/index.tsx",
          "hash": "4158527231605607090",
          "deps": [
            "npm:expo-router",
            "npm:react-native",
            "utils",
            "npm:react-native-safe-area-context",
            "hooks",
            "npm:react-native-iconify",
            "ui"
          ]
        },
        {
          "file": "apps/business/app/(main)/(tabs)/message.tsx",
          "hash": "7995494603626797680",
          "deps": [
            "npm:react-native"
          ]
        },
        {
          "file": "apps/business/app/(main)/(tabs)/orders.tsx",
          "hash": "14803229730048107963",
          "deps": [
            "npm:react-native",
            "npm:react"
          ]
        },
        {
          "file": "apps/business/app/(main)/(tabs)/wallet.tsx",
          "hash": "14440174870722990767",
          "deps": [
            "npm:react-native",
            "npm:react"
          ]
        },
        {
          "file": "apps/business/app/(main)/_layout.tsx",
          "hash": "10850346396468644281",
          "deps": [
            "npm:react",
            "npm:expo-router",
            "hooks",
            "npm:@omarvo/store",
            "ui",
            "utils"
          ]
        },
        {
          "file": "apps/business/app/(main)/restaurants/[id]/index.tsx",
          "hash": "11328904139255588820",
          "deps": [
            "npm:react",
            "npm:react-native",
            "npm:react-native-safe-area-context",
            "npm:@codeherence/react-native-header",
            "npm:react-native-iconify",
            "hooks",
            "npm:expo-router",
            "npm:@omarvo/store",
            "ui",
            "utils",
            "npm:react-native-reanimated"
          ]
        },
        {
          "file": "apps/business/app/(main)/restaurants/[id]/settings/banner.tsx",
          "hash": "101318854995752345",
          "deps": [
            "npm:react-native",
            "npm:react",
            "npm:formik",
            "npm:yup",
            "ui",
            "hooks",
            "npm:@omarvo/store",
            "npm:expo-router",
            "utils"
          ]
        },
        {
          "file": "apps/business/app/(main)/restaurants/[id]/settings/edit.tsx",
          "hash": "14438701813696592897",
          "deps": [
            "npm:react-native",
            "npm:react",
            "hooks",
            "npm:react-native-safe-area-context",
            "utils",
            "npm:expo-router",
            "ui",
            "npm:@omarvo/store"
          ]
        },
        {
          "file": "apps/business/app/(main)/restaurants/[id]/settings/index.tsx",
          "hash": "824733121572059922",
          "deps": [
            "npm:react-native",
            "npm:react",
            "npm:react-native-safe-area-context",
            "ui",
            "npm:react-native-iconify",
            "hooks",
            "npm:@omarvo/store",
            "npm:expo-router",
            "utils"
          ]
        },
        {
          "file": "apps/business/app/(main)/restaurants/[id]/victuals/[victualId]/index.tsx",
          "hash": "10955514268766913498",
          "deps": [
            "npm:react-native",
            "npm:react",
            "hooks",
            "npm:expo-router",
            "npm:@omarvo/store",
            "ui",
            "npm:expo-image",
            "utils",
            "npm:lodash",
            "npm:react-native-safe-area-context",
            "npm:react-native-iconify"
          ]
        },
        {
          "file": "apps/business/app/(main)/restaurants/[id]/victuals/[victualId]/settings/edit.tsx",
          "hash": "8570192019412128374",
          "deps": [
            "npm:react-native",
            "npm:react",
            "ui",
            "utils",
            "npm:react-native-safe-area-context",
            "hooks",
            "npm:expo-router",
            "npm:@omarvo/store"
          ]
        },
        {
          "file": "apps/business/app/(main)/restaurants/[id]/victuals/[victualId]/settings/index.tsx",
          "hash": "3267196141656061424",
          "deps": [
            "npm:react-native",
            "npm:react",
            "npm:react-native-safe-area-context",
            "ui",
            "npm:react-native-iconify",
            "hooks",
            "npm:@omarvo/store",
            "npm:expo-router",
            "utils"
          ]
        },
        {
          "file": "apps/business/app/(main)/restaurants/[id]/victuals/[victualId]/settings/media.tsx",
          "hash": "4995240744025107800",
          "deps": [
            "npm:react-native",
            "npm:react",
            "npm:formik",
            "npm:yup",
            "npm:react-native-safe-area-context",
            "hooks",
            "npm:expo-image",
            "npm:react-native-iconify",
            "ui",
            "npm:@omarvo/store",
            "npm:expo-router",
            "utils"
          ]
        },
        {
          "file": "apps/business/app/(main)/restaurants/[id]/victuals/create.tsx",
          "hash": "10964238468317974876",
          "deps": [
            "npm:react-native",
            "npm:react",
            "hooks",
            "npm:react-native-safe-area-context",
            "npm:@omarvo/store",
            "ui",
            "utils",
            "npm:expo-router"
          ]
        },
        {
          "file": "apps/business/app/(main)/restaurants/create.tsx",
          "hash": "16783982524500873928",
          "deps": [
            "npm:react-native",
            "npm:react",
            "utils",
            "hooks",
            "npm:@omarvo/store",
            "ui",
            "npm:react-native-safe-area-context",
            "npm:expo-router"
          ]
        },
        {
          "file": "apps/business/app/(main)/restaurants/index.tsx",
          "hash": "13676044960408202418",
          "deps": [
            "npm:react-native",
            "npm:react",
            "ui",
            "hooks",
            "npm:@omarvo/store",
            "npm:expo-router"
          ]
        },
        {
          "file": "apps/business/app/(main)/stores/[id]/index.tsx",
          "hash": "7556389952493162149",
          "deps": [
            "npm:react",
            "npm:react-native",
            "npm:react-native-safe-area-context",
            "npm:@codeherence/react-native-header",
            "npm:react-native-iconify",
            "hooks",
            "npm:expo-router",
            "npm:@omarvo/store",
            "ui",
            "utils",
            "npm:react-native-reanimated"
          ]
        },
        {
          "file": "apps/business/app/(main)/stores/[id]/products/[productId]/index.tsx",
          "hash": "1889101778766008971",
          "deps": [
            "npm:react-native",
            "npm:react",
            "hooks",
            "npm:expo-router",
            "npm:@omarvo/store",
            "ui",
            "npm:expo-image",
            "utils",
            "npm:lodash",
            "npm:react-native-safe-area-context",
            "npm:react-native-iconify"
          ]
        },
        {
          "file": "apps/business/app/(main)/stores/[id]/products/[productId]/settings/edit.tsx",
          "hash": "10623344389049283725",
          "deps": [
            "npm:react-native",
            "npm:react",
            "ui",
            "utils",
            "npm:react-native-safe-area-context",
            "hooks",
            "npm:expo-router",
            "npm:@omarvo/store"
          ]
        },
        {
          "file": "apps/business/app/(main)/stores/[id]/products/[productId]/settings/index.tsx",
          "hash": "15427593053468043537",
          "deps": [
            "npm:react-native",
            "npm:react",
            "npm:react-native-safe-area-context",
            "ui",
            "npm:react-native-iconify",
            "hooks",
            "npm:@omarvo/store",
            "npm:expo-router",
            "utils"
          ]
        },
        {
          "file": "apps/business/app/(main)/stores/[id]/products/[productId]/settings/media.tsx",
          "hash": "11730582091429501121",
          "deps": [
            "npm:react-native",
            "npm:react",
            "npm:formik",
            "npm:yup",
            "npm:react-native-safe-area-context",
            "hooks",
            "npm:expo-image",
            "npm:react-native-iconify",
            "ui",
            "npm:@omarvo/store",
            "npm:expo-router",
            "utils"
          ]
        },
        {
          "file": "apps/business/app/(main)/stores/[id]/products/create.tsx",
          "hash": "6828358310297173279",
          "deps": [
            "npm:react-native",
            "npm:react",
            "hooks",
            "npm:react-native-safe-area-context",
            "npm:@omarvo/store",
            "ui",
            "utils",
            "npm:expo-router"
          ]
        },
        {
          "file": "apps/business/app/(main)/stores/[id]/settings/banner.tsx",
          "hash": "14567090818483865124",
          "deps": [
            "npm:react-native",
            "npm:react",
            "npm:formik",
            "npm:yup",
            "ui",
            "hooks",
            "npm:@omarvo/store",
            "npm:expo-router",
            "utils"
          ]
        },
        {
          "file": "apps/business/app/(main)/stores/[id]/settings/edit.tsx",
          "hash": "6656253612687543060",
          "deps": [
            "npm:react-native",
            "npm:react",
            "hooks",
            "npm:react-native-safe-area-context",
            "utils",
            "npm:expo-router",
            "ui",
            "npm:@omarvo/store"
          ]
        },
        {
          "file": "apps/business/app/(main)/stores/[id]/settings/index.tsx",
          "hash": "2278080454617865128",
          "deps": [
            "npm:react-native",
            "npm:react",
            "npm:react-native-safe-area-context",
            "ui",
            "npm:react-native-iconify",
            "hooks",
            "npm:@omarvo/store",
            "npm:expo-router",
            "utils"
          ]
        },
        {
          "file": "apps/business/app/(main)/stores/create.tsx",
          "hash": "10291682221392688184",
          "deps": [
            "npm:react-native",
            "npm:react",
            "hooks",
            "npm:react-native-safe-area-context",
            "utils",
            "npm:@omarvo/store",
            "ui",
            "npm:expo-router"
          ]
        },
        {
          "file": "apps/business/app/(main)/stores/index.tsx",
          "hash": "1225425722515355519",
          "deps": [
            "npm:react-native",
            "npm:react",
            "hooks",
            "npm:@omarvo/store",
            "ui",
            "npm:expo-router"
          ]
        },
        {
          "file": "apps/business/app/+html.tsx",
          "hash": "11298474876147019056",
          "deps": [
            "npm:expo-router"
          ]
        },
        {
          "file": "apps/business/app/+not-found.tsx",
          "hash": "562672685574858315",
          "deps": [
            "npm:expo-router",
            "npm:react-native"
          ]
        },
        {
          "file": "apps/business/app/_layout.tsx",
          "hash": "11709776568576060007",
          "deps": [
            "npm:@expo/vector-icons",
            "npm:expo-router",
            "npm:expo-splash-screen",
            "npm:react",
            "npm:axios",
            "npm:@expo-google-fonts/ubuntu",
            "npm:react-native-safe-area-context",
            "npm:react-native",
            "utils",
            "npm:@react-native-community/netinfo",
            "npm:react-redux",
            "npm:@omarvo/store"
          ]
        },
        {
          "file": "apps/business/app/auth/_layout.tsx",
          "hash": "10434236097031059700",
          "deps": [
            "npm:react",
            "npm:expo-router",
            "npm:react-native",
            "utils",
            "ui"
          ]
        },
        {
          "file": "apps/business/app/auth/forgot_password/get_otp.tsx",
          "hash": "11850236999077146163",
          "deps": [
            "npm:react-native",
            "npm:react-native-safe-area-context",
            "npm:formik",
            "npm:yup",
            "npm:expo-router",
            "hooks",
            "utils",
            "npm:@omarvo/store",
            "ui"
          ]
        },
        {
          "file": "apps/business/app/auth/forgot_password/password_otp.tsx",
          "hash": "16381563597653792342",
          "deps": [
            "npm:react",
            "npm:expo-router",
            "hooks",
            "npm:@omarvo/store",
            "utils",
            "ui"
          ]
        },
        {
          "file": "apps/business/app/auth/forgot_password/reset_password.tsx",
          "hash": "6141774856242674710",
          "deps": [
            "npm:react-native",
            "npm:react-native-safe-area-context",
            "npm:yup",
            "npm:formik",
            "npm:expo-router",
            "hooks",
            "utils",
            "npm:@omarvo/store",
            "ui"
          ]
        },
        {
          "file": "apps/business/app/auth/forgot_password/rp_success.tsx",
          "hash": "13765977820166996949",
          "deps": [
            "npm:react",
            "npm:expo-router",
            "ui"
          ]
        },
        {
          "file": "apps/business/app/auth/login.tsx",
          "hash": "7428594038933181142",
          "deps": [
            "npm:react-native",
            "npm:react",
            "npm:formik",
            "npm:yup",
            "npm:expo-router",
            "npm:react-native-safe-area-context",
            "utils",
            "npm:@omarvo/store",
            "hooks",
            "ui"
          ]
        },
        {
          "file": "apps/business/app/auth/register/choose_country.tsx",
          "hash": "4960227440229517679",
          "deps": [
            "npm:react-native",
            "npm:react",
            "npm:react-native-safe-area-context",
            "npm:expo-router",
            "utils",
            "ui"
          ]
        },
        {
          "file": "apps/business/app/auth/register/choose_school.tsx",
          "hash": "13661295409032268320",
          "deps": [
            "npm:react-native",
            "npm:react",
            "npm:formik",
            "npm:yup",
            "npm:expo-router",
            "npm:react-native-safe-area-context",
            "hooks",
            "npm:@omarvo/store",
            "ui",
            "utils"
          ]
        },
        {
          "file": "apps/business/app/auth/register/choose_state.tsx",
          "hash": "2560733788741795626",
          "deps": [
            "npm:react-native",
            "npm:react",
            "npm:formik",
            "npm:yup",
            "npm:expo-router",
            "npm:react-native-safe-area-context",
            "hooks",
            "npm:@omarvo/store",
            "ui",
            "utils"
          ]
        },
        {
          "file": "apps/business/app/auth/register/index.tsx",
          "hash": "18220806282958579099",
          "deps": [
            "npm:react-native",
            "npm:react",
            "npm:formik",
            "npm:yup",
            "npm:react-native-safe-area-context",
            "hooks",
            "ui",
            "utils",
            "npm:@omarvo/store",
            "npm:expo-router"
          ]
        },
        {
          "file": "apps/business/app/auth/register/submit_location.tsx",
          "hash": "2087874504959441924",
          "deps": [
            "npm:react-native",
            "npm:react",
            "npm:formik",
            "npm:yup",
            "npm:expo-router",
            "npm:react-native-safe-area-context",
            "utils",
            "ui"
          ]
        },
        {
          "file": "apps/business/app/auth/register/success.tsx",
          "hash": "1899908519771527945",
          "deps": [
            "npm:react",
            "ui",
            "npm:expo-router"
          ]
        },
        {
          "file": "apps/business/app/auth/register/verify.tsx",
          "hash": "6628590680862730435",
          "deps": [
            "npm:react",
            "npm:expo-router",
            "hooks",
            "ui",
            "npm:@omarvo/store",
            "utils"
          ]
        },
        {
          "file": "apps/business/app/index.tsx",
          "hash": "10538252948449899147",
          "deps": [
            "utils",
            "npm:expo-router",
            "npm:react",
            "npm:react-native",
            "npm:react-native-safe-area-context",
            "ui"
          ]
        },
        {
          "file": "apps/business/assets/images/adaptive-icon.png",
          "hash": "2576715523061342935"
        },
        {
          "file": "apps/business/assets/images/favicon.png",
          "hash": "10556792184362654649"
        },
        {
          "file": "apps/business/assets/images/icon.png",
          "hash": "12646626865262381793"
        },
        {
          "file": "apps/business/assets/images/splash.png",
          "hash": "15726783712504321447"
        },
        {
          "file": "apps/business/assets/images/wallet_bg.png",
          "hash": "7756323263195853358"
        },
        {
          "file": "apps/business/assets/svgs/delete.svg",
          "hash": "602302068943235618"
        },
        {
          "file": "apps/business/assets/svgs/globalization.svg",
          "hash": "15172027404388679259"
        },
        {
          "file": "apps/business/assets/svgs/login.svg",
          "hash": "18441708698470737932"
        },
        {
          "file": "apps/business/assets/svgs/no_result.svg",
          "hash": "1373398929996056230"
        },
        {
          "file": "apps/business/assets/svgs/onboarding_1.svg",
          "hash": "5241035600113749090"
        },
        {
          "file": "apps/business/assets/svgs/onboarding_2.svg",
          "hash": "3692603725473385643"
        },
        {
          "file": "apps/business/assets/svgs/onboarding_3.svg",
          "hash": "442925725902837773"
        },
        {
          "file": "apps/business/assets/svgs/onboarding_4.svg",
          "hash": "6653147739406288387"
        },
        {
          "file": "apps/business/assets/svgs/onboarding_5.svg",
          "hash": "1462389818515966268"
        },
        {
          "file": "apps/business/assets/svgs/register.svg",
          "hash": "16216913160571854349"
        },
        {
          "file": "apps/business/assets/svgs/rp_success.svg",
          "hash": "7174179249570461945"
        },
        {
          "file": "apps/business/assets/svgs/sl_success.svg",
          "hash": "2104049828349087636"
        },
        {
          "file": "apps/business/assets/svgs/submit_location.svg",
          "hash": "14697064547751044388"
        },
        {
          "file": "apps/business/assets/svgs/success.svg",
          "hash": "17373793582848186589"
        },
        {
          "file": "apps/business/assets/svgs/verification.svg",
          "hash": "14706303673945944601"
        },
        {
          "file": "apps/business/babel.config.js",
          "hash": "15769144567896163522"
        },
        {
          "file": "apps/business/components/RestaurantForms/MainForm.tsx",
          "hash": "3631882366615736651",
          "deps": [
            "npm:react-native",
            "npm:react",
            "npm:formik",
            "npm:yup",
            "utils",
            "ui",
            "npm:moment"
          ]
        },
        {
          "file": "apps/business/components/RestaurantForms/VitualForm.tsx",
          "hash": "3303051808281058092",
          "deps": [
            "npm:react-native",
            "npm:react",
            "utils",
            "npm:formik",
            "npm:yup",
            "ui",
            "npm:react-native-safe-area-context",
            "npm:react-native-iconify",
            "npm:react-native-ui-lib"
          ]
        },
        {
          "file": "apps/business/components/StoreForms/MainForm.tsx",
          "hash": "10467849135938981816",
          "deps": [
            "npm:react-native",
            "npm:react",
            "npm:formik",
            "npm:yup",
            "utils",
            "ui",
            "npm:moment"
          ]
        },
        {
          "file": "apps/business/components/StoreForms/ProductForm.tsx",
          "hash": "852947002176712080",
          "deps": [
            "npm:react-native",
            "npm:react",
            "utils",
            "npm:formik",
            "npm:yup",
            "ui",
            "npm:react-native-safe-area-context"
          ]
        },
        {
          "file": "apps/business/components/ui/HeaderComp.tsx",
          "hash": "7940738878397527790",
          "deps": [
            "npm:@codeherence/react-native-header",
            "npm:expo-router",
            "npm:lodash",
            "npm:react-native",
            "npm:react-native-iconify",
            "npm:react-native-reanimated"
          ]
        },
        {
          "file": "apps/business/components/ui/LargeHeaderComp.tsx",
          "hash": "15178600696783695995",
          "deps": [
            "npm:react-native",
            "npm:react",
            "npm:@codeherence/react-native-header",
            "npm:expo-image",
            "npm:react-native-iconify",
            "utils",
            "npm:react-native-reanimated",
            "ui"
          ]
        },
        {
          "file": "apps/business/components/ui/TabView.tsx",
          "hash": "15245413124887712960",
          "deps": [
            "utils",
            "npm:expo-image",
            "npm:react",
            "npm:react-native"
          ]
        },
        {
          "file": "apps/business/components/ui/index.ts",
          "hash": "16122724383411732319"
        },
        {
          "file": "apps/business/constants/data.tsx",
          "hash": "14802142399692490559",
          "deps": [
            "npm:react-native-iconify",
            "npm:expo-router"
          ]
        },
        {
          "file": "apps/business/eas.json",
          "hash": "4611479969760396249"
        },
        {
          "file": "apps/business/index.js",
          "hash": "14055270229318855503",
          "deps": [
            "npm:expo",
            "npm:expo-router"
          ]
        },
        {
          "file": "apps/business/jest.config.ts",
          "hash": "8954223856517827818",
          "deps": [
            [
              "npm:jest-expo",
              "dynamic"
            ]
          ]
        },
        {
          "file": "apps/business/metro.config.js",
          "hash": "4321173497984278554",
          "deps": [
            "npm:@nx/expo",
            "npm:@expo/metro-config",
            "npm:metro-config",
            "npm:react-native-svg-transformer"
          ]
        },
        {
          "file": "apps/business/package.json",
          "hash": "10610684473936399442",
          "deps": [
            "npm:@testing-library/jest-native",
            "npm:@testing-library/react-native",
            "npm:metro-config",
            "npm:react-native",
            "npm:expo",
            "npm:react-native-svg",
            "npm:react-native-web",
            "npm:react-native-ui-lib",
            "npm:react-native-reanimated",
            "npm:react-native-gesture-handler",
            "npm:expo-dev-client",
            "npm:react-native-iconify"
          ]
        },
        {
          "file": "apps/business/project.json",
          "hash": "2137148744985970721"
        },
        {
          "file": "apps/business/tailwind.config.js",
          "hash": "14047591842794205224",
          "deps": [
            "npm:path",
            "npm:@nx/react"
          ]
        },
        {
          "file": "apps/business/test-setup.ts",
          "hash": "10319682889150307590",
          "deps": [
            "npm:@testing-library/jest-native"
          ]
        },
        {
          "file": "apps/business/tsconfig.app.json",
          "hash": "4517414352515650954"
        },
        {
          "file": "apps/business/tsconfig.json",
          "hash": "9087056351888767752"
        },
        {
          "file": "apps/business/tsconfig.spec.json",
          "hash": "14275568886759166330"
        },
        {
          "file": "apps/business/webpack.config.js",
          "hash": "12673381774464772897",
          "deps": [
            "npm:@expo/webpack-config",
            "npm:tsconfig-paths-webpack-plugin",
            "npm:path",
            [
              "npm:@nx/webpack",
              "dynamic"
            ],
            [
              "npm:crypto-browserify",
              "dynamic"
            ],
            [
              "npm:stream-browserify",
              "dynamic"
            ]
          ]
        }
      ],
      "business-e2e": [
        {
          "file": "apps/business-e2e/.eslintrc.json",
          "hash": "10799368048025705622"
        },
        {
          "file": "apps/business-e2e/cypress.config.ts",
          "hash": "8740882564779441742",
          "deps": [
            "npm:@nx/cypress",
            "npm:cypress"
          ]
        },
        {
          "file": "apps/business-e2e/project.json",
          "hash": "7371446407153158603"
        },
        {
          "file": "apps/business-e2e/src/e2e/app.cy.ts",
          "hash": "7264987358712332880"
        },
        {
          "file": "apps/business-e2e/src/fixtures/example.json",
          "hash": "13882982864087580737"
        },
        {
          "file": "apps/business-e2e/src/support/app.po.ts",
          "hash": "5364106453863571025"
        },
        {
          "file": "apps/business-e2e/src/support/commands.ts",
          "hash": "7570864621153670540"
        },
        {
          "file": "apps/business-e2e/src/support/e2e.ts",
          "hash": "14369563060992369541"
        },
        {
          "file": "apps/business-e2e/tsconfig.json",
          "hash": "10574899838287769993"
        }
      ],
      "omarvo-e2e": [
        {
          "file": "apps/omarvo-e2e/.babelrc",
          "hash": "5147975077747583272"
        },
        {
          "file": "apps/omarvo-e2e/.detoxrc.json",
          "hash": "17169744792105775748"
        },
        {
          "file": "apps/omarvo-e2e/.eslintrc.json",
          "hash": "14830867113928387670"
        },
        {
          "file": "apps/omarvo-e2e/jest.config.json",
          "hash": "8135714588709609284"
        },
        {
          "file": "apps/omarvo-e2e/project.json",
          "hash": "11343532784009675364"
        },
        {
          "file": "apps/omarvo-e2e/src/app.spec.ts",
          "hash": "12045596583946163739",
          "deps": [
            "npm:detox"
          ]
        },
        {
          "file": "apps/omarvo-e2e/test-setup.ts",
          "hash": "17310869613902581408",
          "deps": [
            "npm:detox"
          ]
        },
        {
          "file": "apps/omarvo-e2e/tsconfig.e2e.json",
          "hash": "1986013745517447922"
        },
        {
          "file": "apps/omarvo-e2e/tsconfig.json",
          "hash": "13003415357433107754"
        }
      ]
    },
    "nonProjectFiles": [
      {
        "file": ".editorconfig",
        "hash": "11532813898455409296"
      },
      {
        "file": ".eslintignore",
        "hash": "13404745306227114823"
      },
      {
        "file": ".eslintrc.json",
        "hash": "9188201835120897554"
      },
      {
        "file": ".github/workflows/ci.yml",
        "hash": "6231928407893357240"
      },
      {
        "file": ".gitignore",
        "hash": "1426388410854564777"
      },
      {
        "file": ".prettierignore",
        "hash": "2687824826588932174"
      },
      {
        "file": ".prettierrc",
        "hash": "6820402234827505055"
      },
      {
        "file": ".vscode/extensions.json",
        "hash": "60901680939730831"
      },
      {
        "file": "README.md",
        "hash": "9801236980267411031"
      },
      {
        "file": "babel.config.json",
        "hash": "6619451454968768629"
      },
      {
        "file": "jest.config.ts",
        "hash": "7544409015863045561"
      },
      {
        "file": "jest.preset.js",
        "hash": "7473220183190921152"
      },
      {
        "file": "nx.json",
        "hash": "13497398052136785879"
      },
      {
        "file": "package-lock.json",
        "hash": "16639260037334075118"
      },
      {
        "file": "package.json",
        "hash": "19455038065367095"
      },
      {
        "file": "tools/scripts/eas-build-post-install.mjs",
        "hash": "15316102143877530161"
      },
      {
        "file": "tools/scripts/eas-build-pre-install.mjs",
        "hash": "7748014412461344956"
      },
      {
        "file": "tsconfig.base.json",
        "hash": "61443494464807343"
      }
    ]
  }
}
